-- phpMyAdmin SQL Dump
-- version 4.5.1
-- http://www.phpmyadmin.net
--
-- Host: 127.0.0.1
-- Generation Time: Sep 02, 2016 at 03:09 AM
-- Server version: 10.1.13-MariaDB
-- PHP Version: 5.6.21

SET SQL_MODE = "NO_AUTO_VALUE_ON_ZERO";
SET time_zone = "+00:00";


/*!40101 SET @OLD_CHARACTER_SET_CLIENT=@@CHARACTER_SET_CLIENT */;
/*!40101 SET @OLD_CHARACTER_SET_RESULTS=@@CHARACTER_SET_RESULTS */;
/*!40101 SET @OLD_COLLATION_CONNECTION=@@COLLATION_CONNECTION */;
/*!40101 SET NAMES utf8mb4 */;

--
-- Database: `bandungsnack`
--

-- --------------------------------------------------------

--
-- Table structure for table `categories`
--

CREATE TABLE `categories` (
  `id_category` int(11) NOT NULL,
  `category_name` varchar(25) DEFAULT NULL,
  `description` text
) ENGINE=InnoDB DEFAULT CHARSET=latin1;

--
-- Dumping data for table `categories`
--

INSERT INTO `categories` (`id_category`, `category_name`, `description`) VALUES
(1, 'Coba', 'rew\r\nrwewrwer'),
(2, 'kering', 'makanan kering khas bandung'),
(3, 'Khas unik', 'unikdsd'),
(6, 'Baru', 'barudas');

-- --------------------------------------------------------

--
-- Table structure for table `ci_sessions`
--

CREATE TABLE `ci_sessions` (
  `id` varchar(40) NOT NULL,
  `ip_address` varchar(45) NOT NULL,
  `timestamp` int(10) UNSIGNED NOT NULL DEFAULT '0',
  `data` blob NOT NULL
) ENGINE=InnoDB DEFAULT CHARSET=latin1;

--
-- Dumping data for table `ci_sessions`
--

INSERT INTO `ci_sessions` (`id`, `ip_address`, `timestamp`, `data`) VALUES
('ac11367410cff4f20d9235fe9b151a213463550f', '127.0.0.1', 1472541351, 0x5f5f63695f6c6173745f726567656e65726174657c693a313437323534313334373b),
('f14bb3116d23217e991088e312aa5ac16c4218b9', '127.0.0.1', 1472541717, 0x5f5f63695f6c6173745f726567656e65726174657c693a313437323534313730313b636172745f636f6e74656e74737c613a333a7b733a31303a22636172745f746f74616c223b643a323030303b733a31313a22746f74616c5f6974656d73223b643a313b733a33323a223435633438636365326532643766626465613161666335316337633661643236223b613a393a7b733a323a226964223b733a313a2239223b733a333a22717479223b643a313b733a353a227072696365223b643a323030303b733a353a2270726f6d6f223b733a313a2230223b733a383a22646973636f756e74223b733a313a2230223b733a343a226e616d65223b733a393a2242616c612062616c61223b733a353a2270686f746f223b733a33363a2265663735646638636337663063343062313635343535366230336666613338662e706e67223b733a353a22726f776964223b733a33323a223435633438636365326532643766626465613161666335316337633661643236223b733a383a22737562746f74616c223b643a323030303b7d7d),
('93ed5a22afb9200f05898b6a44a10470387df18a', '127.0.0.1', 1472542717, 0x5f5f63695f6c6173745f726567656e65726174657c693a313437323534323531373b),
('d3c8c8fee76a4d499fd590cee35cec37556817ae', '127.0.0.1', 1472543126, 0x5f5f63695f6c6173745f726567656e65726174657c693a313437323534323833313b),
('d5648459b3abeb8643eb3de4f9695fefc56686e5', '127.0.0.1', 1472543455, 0x5f5f63695f6c6173745f726567656e65726174657c693a313437323534333238353b),
('107ba2ccaff130fb7f3404d505a5beee099a7541', '127.0.0.1', 1472543904, 0x5f5f63695f6c6173745f726567656e65726174657c693a313437323534333632333b),
('4abb3869e4452c971df4bca8875e7f627faf0a5d', '127.0.0.1', 1472543971, 0x5f5f63695f6c6173745f726567656e65726174657c693a313437323534333934333b),
('cd72a9b8fb419da4606b416cf83e3e082742037e', '127.0.0.1', 1472544631, 0x5f5f63695f6c6173745f726567656e65726174657c693a313437323534343333313b636172745f636f6e74656e74737c613a333a7b733a31303a22636172745f746f74616c223b643a323030303b733a31313a22746f74616c5f6974656d73223b643a313b733a33323a223435633438636365326532643766626465613161666335316337633661643236223b613a393a7b733a323a226964223b733a313a2239223b733a333a22717479223b643a313b733a353a227072696365223b643a323030303b733a353a2270726f6d6f223b733a313a2230223b733a383a22646973636f756e74223b733a313a2230223b733a343a226e616d65223b733a393a2242616c612062616c61223b733a353a2270686f746f223b733a33363a2265663735646638636337663063343062313635343535366230336666613338662e706e67223b733a353a22726f776964223b733a33323a223435633438636365326532643766626465613161666335316337633661643236223b733a383a22737562746f74616c223b643a323030303b7d7d),
('a2cc9debfde5e81bfba7f63834b82395a74f2cbc', '127.0.0.1', 1472544933, 0x5f5f63695f6c6173745f726567656e65726174657c693a313437323534343633383b636172745f636f6e74656e74737c613a333a7b733a31303a22636172745f746f74616c223b643a323030303b733a31313a22746f74616c5f6974656d73223b643a313b733a33323a223435633438636365326532643766626465613161666335316337633661643236223b613a393a7b733a323a226964223b733a313a2239223b733a333a22717479223b643a313b733a353a227072696365223b643a323030303b733a353a2270726f6d6f223b733a313a2230223b733a383a22646973636f756e74223b733a313a2230223b733a343a226e616d65223b733a393a2242616c612062616c61223b733a353a2270686f746f223b733a33363a2265663735646638636337663063343062313635343535366230336666613338662e706e67223b733a353a22726f776964223b733a33323a223435633438636365326532643766626465613161666335316337633661643236223b733a383a22737562746f74616c223b643a323030303b7d7d),
('dd44e276be586a76686aba6ec2ff53b1cc1ba536', '127.0.0.1', 1472545230, 0x5f5f63695f6c6173745f726567656e65726174657c693a313437323534343934333b),
('b2fa24b800058e7f26ea54de20adfe3d5b4e174a', '127.0.0.1', 1472545555, 0x5f5f63695f6c6173745f726567656e65726174657c693a313437323534353235363b),
('ca65125185c0d8e7354984e03959326f84961ef1', '127.0.0.1', 1472545600, 0x5f5f63695f6c6173745f726567656e65726174657c693a313437323534353535373b),
('3e0d7160387107aeb20676950d2e077be432744d', '127.0.0.1', 1472546107, 0x5f5f63695f6c6173745f726567656e65726174657c693a313437323534353930323b),
('712ef558d76da4521705e2791ff5504ab39be7db', '127.0.0.1', 1472560695, 0x5f5f63695f6c6173745f726567656e65726174657c693a313437323536303339363b636172745f636f6e74656e74737c613a333a7b733a31303a22636172745f746f74616c223b643a323030303b733a31313a22746f74616c5f6974656d73223b643a313b733a33323a226433643934343638303261343432353937353564333865366431363365383230223b613a393a7b733a323a226964223b733a323a223130223b733a333a22717479223b643a313b733a353a227072696365223b643a323030303b733a353a2270726f6d6f223b733a313a2230223b733a383a22646973636f756e74223b733a313a2230223b733a343a226e616d65223b733a31353a224b726970696b2053696e676b6f6e67223b733a353a2270686f746f223b733a33363a2233353265373037383762623462373761626162303730323039666433623434652e6a7067223b733a353a22726f776964223b733a33323a226433643934343638303261343432353937353564333865366431363365383230223b733a383a22737562746f74616c223b643a323030303b7d7d),
('64211f38792571f49515081844170db9b8884dbf', '127.0.0.1', 1472560969, 0x5f5f63695f6c6173745f726567656e65726174657c693a313437323536303639383b636172745f636f6e74656e74737c613a333a7b733a31303a22636172745f746f74616c223b643a323030303b733a31313a22746f74616c5f6974656d73223b643a313b733a33323a226433643934343638303261343432353937353564333865366431363365383230223b613a393a7b733a323a226964223b733a323a223130223b733a333a22717479223b643a313b733a353a227072696365223b643a323030303b733a353a2270726f6d6f223b733a313a2230223b733a383a22646973636f756e74223b733a313a2230223b733a343a226e616d65223b733a31353a224b726970696b2053696e676b6f6e67223b733a353a2270686f746f223b733a33363a2233353265373037383762623462373761626162303730323039666433623434652e6a7067223b733a353a22726f776964223b733a33323a226433643934343638303261343432353937353564333865366431363365383230223b733a383a22737562746f74616c223b643a323030303b7d7d69645f637573746f6d6572737c733a313a2232223b66697273745f6e616d657c733a31303a22617a686172756464696e223b6c6173745f6e616d657c733a373a226172726f736973223b656d61696c7c733a32303a22617a6861726f6365406f75746c6f6f6b2e636f6d223b70726f66696c657c4e3b636f6e746163747c733a393a22303331323331333133223b616464726573737c733a363a22647366647364223b6c6f67696e5f696e7c623a313b),
('ced8c8612388b29c5c7f47166223e6fff0e97f66', '127.0.0.1', 1472561269, 0x5f5f63695f6c6173745f726567656e65726174657c693a313437323536313030343b636172745f636f6e74656e74737c613a333a7b733a31303a22636172745f746f74616c223b643a323030303b733a31313a22746f74616c5f6974656d73223b643a313b733a33323a226433643934343638303261343432353937353564333865366431363365383230223b613a393a7b733a323a226964223b733a323a223130223b733a333a22717479223b643a313b733a353a227072696365223b643a323030303b733a353a2270726f6d6f223b733a313a2230223b733a383a22646973636f756e74223b733a313a2230223b733a343a226e616d65223b733a31353a224b726970696b2053696e676b6f6e67223b733a353a2270686f746f223b733a33363a2233353265373037383762623462373761626162303730323039666433623434652e6a7067223b733a353a22726f776964223b733a33323a226433643934343638303261343432353937353564333865366431363365383230223b733a383a22737562746f74616c223b643a323030303b7d7d69645f637573746f6d6572737c733a313a2232223b66697273745f6e616d657c733a31303a22617a686172756464696e223b6c6173745f6e616d657c733a373a226172726f736973223b656d61696c7c733a32303a22617a6861726f6365406f75746c6f6f6b2e636f6d223b70726f66696c657c4e3b636f6e746163747c733a393a22303331323331333133223b616464726573737c733a363a22647366647364223b6c6f67696e5f696e7c623a313b),
('ddc3b8148f227ca4ea3b41a0f8bdbc85a9879a7b', '127.0.0.1', 1472561558, 0x5f5f63695f6c6173745f726567656e65726174657c693a313437323536313330373b636172745f636f6e74656e74737c613a333a7b733a31303a22636172745f746f74616c223b643a323030303b733a31313a22746f74616c5f6974656d73223b643a313b733a33323a226433643934343638303261343432353937353564333865366431363365383230223b613a393a7b733a323a226964223b733a323a223130223b733a333a22717479223b643a313b733a353a227072696365223b643a323030303b733a353a2270726f6d6f223b733a313a2230223b733a383a22646973636f756e74223b733a313a2230223b733a343a226e616d65223b733a31353a224b726970696b2053696e676b6f6e67223b733a353a2270686f746f223b733a33363a2233353265373037383762623462373761626162303730323039666433623434652e6a7067223b733a353a22726f776964223b733a33323a226433643934343638303261343432353937353564333865366431363365383230223b733a383a22737562746f74616c223b643a323030303b7d7d69645f637573746f6d6572737c733a313a2232223b66697273745f6e616d657c733a31303a22617a686172756464696e223b6c6173745f6e616d657c733a373a226172726f736973223b656d61696c7c733a32303a22617a6861726f6365406f75746c6f6f6b2e636f6d223b70726f66696c657c4e3b636f6e746163747c733a393a22303331323331333133223b616464726573737c733a363a22647366647364223b6c6f67696e5f696e7c623a313b),
('cae3c90e2fe296c9c9fa1f4f4cb6f8b02d8bb454', '127.0.0.1', 1472561714, 0x5f5f63695f6c6173745f726567656e65726174657c693a313437323536313632323b636172745f636f6e74656e74737c613a343a7b733a31303a22636172745f746f74616c223b643a353030303b733a31313a22746f74616c5f6974656d73223b643a323b733a33323a226433643934343638303261343432353937353564333865366431363365383230223b613a393a7b733a323a226964223b733a323a223130223b733a333a22717479223b643a313b733a353a227072696365223b643a323030303b733a353a2270726f6d6f223b733a313a2230223b733a383a22646973636f756e74223b733a313a2230223b733a343a226e616d65223b733a31353a224b726970696b2053696e676b6f6e67223b733a353a2270686f746f223b733a33363a2233353265373037383762623462373761626162303730323039666433623434652e6a7067223b733a353a22726f776964223b733a33323a226433643934343638303261343432353937353564333865366431363365383230223b733a383a22737562746f74616c223b643a323030303b7d733a33323a223635313262643433643963616136653032633939306230613832363532646361223b613a393a7b733a323a226964223b733a323a223131223b733a333a22717479223b643a313b733a353a227072696365223b643a333030303b733a353a2270726f6d6f223b733a313a2231223b733a383a22646973636f756e74223b733a313a2231223b733a343a226e616d65223b733a363a2262616c61646f223b733a353a2270686f746f223b733a33363a2230353863353534376536393535303631343862303031316564346332396234332e504e47223b733a353a22726f776964223b733a33323a223635313262643433643963616136653032633939306230613832363532646361223b733a383a22737562746f74616c223b643a333030303b7d7d69645f637573746f6d6572737c733a313a2232223b66697273745f6e616d657c733a31303a22617a686172756464696e223b6c6173745f6e616d657c733a373a226172726f736973223b656d61696c7c733a32303a22617a6861726f6365406f75746c6f6f6b2e636f6d223b70726f66696c657c4e3b636f6e746163747c733a393a22303331323331333133223b616464726573737c733a363a22647366647364223b6c6f67696e5f696e7c623a313b),
('e19f91bdd716016577c97cebc040fa8fe99bb7f3', '127.0.0.1', 1472570475, 0x5f5f63695f6c6173745f726567656e65726174657c693a313437323537303139373b636172745f636f6e74656e74737c613a333a7b733a31303a22636172745f746f74616c223b643a323030303b733a31313a22746f74616c5f6974656d73223b643a313b733a33323a226433643934343638303261343432353937353564333865366431363365383230223b613a393a7b733a323a226964223b733a323a223130223b733a333a22717479223b643a313b733a353a227072696365223b643a323030303b733a353a2270726f6d6f223b733a313a2230223b733a383a22646973636f756e74223b733a313a2230223b733a343a226e616d65223b733a31353a224b726970696b2053696e676b6f6e67223b733a353a2270686f746f223b733a33363a2233353265373037383762623462373761626162303730323039666433623434652e6a7067223b733a353a22726f776964223b733a33323a226433643934343638303261343432353937353564333865366431363365383230223b733a383a22737562746f74616c223b643a323030303b7d7d69645f637573746f6d6572737c733a313a2232223b66697273745f6e616d657c733a31303a22617a686172756464696e223b6c6173745f6e616d657c733a373a226172726f736973223b656d61696c7c733a32303a22617a6861726f6365406f75746c6f6f6b2e636f6d223b70726f66696c657c4e3b636f6e746163747c733a393a22303331323331333133223b616464726573737c733a363a22647366647364223b6c6f67696e5f696e7c623a313b),
('5396044953eae269907f9a8b13429968c9ce588a', '127.0.0.1', 1472570831, 0x5f5f63695f6c6173745f726567656e65726174657c693a313437323537303637383b636172745f636f6e74656e74737c613a343a7b733a31303a22636172745f746f74616c223b643a353030303b733a31313a22746f74616c5f6974656d73223b643a323b733a33323a226433643934343638303261343432353937353564333865366431363365383230223b613a393a7b733a323a226964223b733a323a223130223b733a333a22717479223b643a313b733a353a227072696365223b643a323030303b733a353a2270726f6d6f223b733a313a2230223b733a383a22646973636f756e74223b733a313a2230223b733a343a226e616d65223b733a31353a224b726970696b2053696e676b6f6e67223b733a353a2270686f746f223b733a33363a2233353265373037383762623462373761626162303730323039666433623434652e6a7067223b733a353a22726f776964223b733a33323a226433643934343638303261343432353937353564333865366431363365383230223b733a383a22737562746f74616c223b643a323030303b7d733a33323a223635313262643433643963616136653032633939306230613832363532646361223b613a393a7b733a323a226964223b733a323a223131223b733a333a22717479223b643a313b733a353a227072696365223b643a333030303b733a353a2270726f6d6f223b733a313a2231223b733a383a22646973636f756e74223b733a313a2231223b733a343a226e616d65223b733a363a2262616c61646f223b733a353a2270686f746f223b733a33363a2230353863353534376536393535303631343862303031316564346332396234332e504e47223b733a353a22726f776964223b733a33323a223635313262643433643963616136653032633939306230613832363532646361223b733a383a22737562746f74616c223b643a333030303b7d7d69645f637573746f6d6572737c733a313a2232223b66697273745f6e616d657c733a31303a22617a686172756464696e223b6c6173745f6e616d657c733a373a226172726f736973223b656d61696c7c733a32303a22617a6861726f6365406f75746c6f6f6b2e636f6d223b70726f66696c657c4e3b636f6e746163747c733a393a22303331323331333133223b616464726573737c733a363a22647366647364223b6c6f67696e5f696e7c623a313b),
('df59821884a5bfb32a0484c3aa3eacd0a915cb6d', '127.0.0.1', 1472571333, 0x5f5f63695f6c6173745f726567656e65726174657c693a313437323537313035303b636172745f636f6e74656e74737c613a333a7b733a31303a22636172745f746f74616c223b643a333030303b733a31313a22746f74616c5f6974656d73223b643a313b733a33323a223635313262643433643963616136653032633939306230613832363532646361223b613a393a7b733a323a226964223b733a323a223131223b733a333a22717479223b643a313b733a353a227072696365223b643a333030303b733a353a2270726f6d6f223b733a313a2231223b733a383a22646973636f756e74223b733a313a2231223b733a343a226e616d65223b733a363a2262616c61646f223b733a353a2270686f746f223b733a33363a2230353863353534376536393535303631343862303031316564346332396234332e504e47223b733a353a22726f776964223b733a33323a223635313262643433643963616136653032633939306230613832363532646361223b733a383a22737562746f74616c223b643a333030303b7d7d),
('3d00d56a7357e033b34512b05ccbc4d669895dfb', '127.0.0.1', 1472571614, 0x5f5f63695f6c6173745f726567656e65726174657c693a313437323537313335383b636172745f636f6e74656e74737c613a333a7b733a31303a22636172745f746f74616c223b643a333030303b733a31313a22746f74616c5f6974656d73223b643a313b733a33323a223635313262643433643963616136653032633939306230613832363532646361223b613a393a7b733a323a226964223b733a323a223131223b733a333a22717479223b643a313b733a353a227072696365223b643a333030303b733a353a2270726f6d6f223b733a313a2231223b733a383a22646973636f756e74223b733a313a2231223b733a343a226e616d65223b733a363a2262616c61646f223b733a353a2270686f746f223b733a33363a2230353863353534376536393535303631343862303031316564346332396234332e504e47223b733a353a22726f776964223b733a33323a223635313262643433643963616136653032633939306230613832363532646361223b733a383a22737562746f74616c223b643a333030303b7d7d),
('c06ff7b7a622689625b8e32487c4eebdc7931d8f', '127.0.0.1', 1472572216, 0x5f5f63695f6c6173745f726567656e65726174657c693a313437323537313933353b),
('a94aee6e8e015bcf2b7bdfdcd5e204f8ffd801d2', '127.0.0.1', 1472572611, 0x5f5f63695f6c6173745f726567656e65726174657c693a313437323537323432383b636172745f636f6e74656e74737c613a343a7b733a31303a22636172745f746f74616c223b643a353530303b733a31313a22746f74616c5f6974656d73223b643a323b733a33323a226339663066383935666239386162393135396635316664303239376532333664223b613a393a7b733a323a226964223b733a313a2238223b733a333a22717479223b643a313b733a353a227072696365223b643a313030303b733a353a2270726f6d6f223b733a313a2230223b733a383a22646973636f756e74223b733a313a2230223b733a343a226e616d65223b733a31343a224b726970696b204b656e74616e67223b733a353a2270686f746f223b733a33363a2230633064393765663337373539626334353037393833393362636363363839642e706e67223b733a353a22726f776964223b733a33323a226339663066383935666239386162393135396635316664303239376532333664223b733a383a22737562746f74616c223b643a313030303b7d733a33323a226334636134323338613062393233383230646363353039613666373538343962223b613a393a7b733a323a226964223b733a313a2231223b733a333a22717479223b643a313b733a353a227072696365223b643a343530303b733a353a2270726f6d6f223b733a313a2231223b733a383a22646973636f756e74223b733a313a2231223b733a343a226e616d65223b733a383a22476f72656e67616e223b733a353a2270686f746f223b733a323a223131223b733a353a22726f776964223b733a33323a226334636134323338613062393233383230646363353039613666373538343962223b733a383a22737562746f74616c223b643a343530303b7d7d),
('fbdb49005a85b6ba5643c9d5239a16bc0c920aa2', '127.0.0.1', 1472573151, 0x5f5f63695f6c6173745f726567656e65726174657c693a313437323537323835313b636172745f636f6e74656e74737c613a343a7b733a31303a22636172745f746f74616c223b643a363530303b733a31313a22746f74616c5f6974656d73223b643a323b733a33323a226433643934343638303261343432353937353564333865366431363365383230223b613a31303a7b733a323a226964223b733a323a223130223b733a333a22717479223b643a313b733a353a227072696365223b643a323030303b733a31303a2268617267615f62617275223b4e3b733a353a2270726f6d6f223b733a313a2230223b733a383a22646973636f756e74223b733a313a2230223b733a343a226e616d65223b733a31353a224b726970696b2053696e676b6f6e67223b733a353a2270686f746f223b733a33363a2233353265373037383762623462373761626162303730323039666433623434652e6a7067223b733a353a22726f776964223b733a33323a226433643934343638303261343432353937353564333865366431363365383230223b733a383a22737562746f74616c223b643a323030303b7d733a33323a226334636134323338613062393233383230646363353039613666373538343962223b613a31303a7b733a323a226964223b733a313a2231223b733a333a22717479223b643a313b733a353a227072696365223b643a343530303b733a31303a2268617267615f62617275223b643a323932353b733a353a2270726f6d6f223b733a313a2231223b733a383a22646973636f756e74223b733a323a223335223b733a343a226e616d65223b733a383a22476f72656e67616e223b733a353a2270686f746f223b733a323a223131223b733a353a22726f776964223b733a33323a226334636134323338613062393233383230646363353039613666373538343962223b733a383a22737562746f74616c223b643a343530303b7d7d69645f637573746f6d6572737c733a313a2232223b66697273745f6e616d657c733a31303a22617a686172756464696e223b6c6173745f6e616d657c733a373a226172726f736973223b656d61696c7c733a32303a22617a6861726f6365406f75746c6f6f6b2e636f6d223b70726f66696c657c4e3b636f6e746163747c733a393a22303331323331333133223b616464726573737c733a363a22647366647364223b6c6f67696e5f696e7c623a313b77656c636f6d655f6261636b7c733a31323a2277656c636f6d655f6261636b223b5f5f63695f766172737c613a313a7b733a31323a2277656c636f6d655f6261636b223b733a333a226e6577223b7d),
('ab2e587c9f3a1a4ea5156b08dac51fc0bf33b17b', '127.0.0.1', 1472573429, 0x5f5f63695f6c6173745f726567656e65726174657c693a313437323537333135333b636172745f636f6e74656e74737c613a363a7b733a31303a22636172745f746f74616c223b643a31303530303b733a31313a22746f74616c5f6974656d73223b643a353b733a33323a223635313262643433643963616136653032633939306230613832363532646361223b613a31303a7b733a323a226964223b733a323a223131223b733a333a22717479223b643a323b733a353a227072696365223b643a333030303b733a31303a2268617267615f62617275223b643a323931303b733a353a2270726f6d6f223b733a313a2231223b733a383a22646973636f756e74223b733a313a2233223b733a343a226e616d65223b733a363a2262616c61646f223b733a353a2270686f746f223b733a33363a2230353863353534376536393535303631343862303031316564346332396234332e504e47223b733a353a22726f776964223b733a33323a223635313262643433643963616136653032633939306230613832363532646361223b733a383a22737562746f74616c223b643a363030303b7d733a33323a226334636134323338613062393233383230646363353039613666373538343962223b613a31303a7b733a323a226964223b733a313a2231223b733a333a22717479223b643a313b733a353a227072696365223b643a343530303b733a31303a2268617267615f62617275223b643a323932353b733a353a2270726f6d6f223b733a313a2231223b733a383a22646973636f756e74223b733a323a223335223b733a343a226e616d65223b733a383a22476f72656e67616e223b733a353a2270686f746f223b733a323a223131223b733a353a22726f776964223b733a33323a226334636134323338613062393233383230646363353039613666373538343962223b733a383a22737562746f74616c223b643a343530303b7d733a33323a226339663066383935666239386162393135396635316664303239376532333664223b613a31303a7b733a323a226964223b733a313a2238223b733a333a22717479223b643a313b733a353a227072696365223b643a303b733a31303a2268617267615f62617275223b733a343a2231303030223b733a353a2270726f6d6f223b733a313a2230223b733a383a22646973636f756e74223b733a313a2230223b733a343a226e616d65223b733a31343a224b726970696b204b656e74616e67223b733a353a2270686f746f223b733a33363a2230633064393765663337373539626334353037393833393362636363363839642e706e67223b733a353a22726f776964223b733a33323a226339663066383935666239386162393135396635316664303239376532333664223b733a383a22737562746f74616c223b643a303b7d733a33323a226433643934343638303261343432353937353564333865366431363365383230223b613a31303a7b733a323a226964223b733a323a223130223b733a333a22717479223b643a313b733a353a227072696365223b643a303b733a31303a2268617267615f62617275223b733a343a2232303030223b733a353a2270726f6d6f223b733a313a2230223b733a383a22646973636f756e74223b733a313a2230223b733a343a226e616d65223b733a31353a224b726970696b2053696e676b6f6e67223b733a353a2270686f746f223b733a33363a2233353265373037383762623462373761626162303730323039666433623434652e6a7067223b733a353a22726f776964223b733a33323a226433643934343638303261343432353937353564333865366431363365383230223b733a383a22737562746f74616c223b643a303b7d7d69645f637573746f6d6572737c733a313a2232223b66697273745f6e616d657c733a31303a22617a686172756464696e223b6c6173745f6e616d657c733a373a226172726f736973223b656d61696c7c733a32303a22617a6861726f6365406f75746c6f6f6b2e636f6d223b70726f66696c657c4e3b636f6e746163747c733a393a22303331323331333133223b616464726573737c733a363a22647366647364223b6c6f67696e5f696e7c623a313b),
('a1e62c1019de28b3d5f284df98e51a78ecbcd37e', '127.0.0.1', 1472573778, 0x5f5f63695f6c6173745f726567656e65726174657c693a313437323537333531333b636172745f636f6e74656e74737c613a363a7b733a31303a22636172745f746f74616c223b643a31393530303b733a31313a22746f74616c5f6974656d73223b643a383b733a33323a223635313262643433643963616136653032633939306230613832363532646361223b613a31303a7b733a323a226964223b733a323a223131223b733a333a22717479223b643a353b733a353a227072696365223b643a333030303b733a31303a2268617267615f62617275223b643a323931303b733a353a2270726f6d6f223b733a313a2231223b733a383a22646973636f756e74223b733a313a2233223b733a343a226e616d65223b733a363a2262616c61646f223b733a353a2270686f746f223b733a33363a2230353863353534376536393535303631343862303031316564346332396234332e504e47223b733a353a22726f776964223b733a33323a223635313262643433643963616136653032633939306230613832363532646361223b733a383a22737562746f74616c223b643a31353030303b7d733a33323a226334636134323338613062393233383230646363353039613666373538343962223b613a31303a7b733a323a226964223b733a313a2231223b733a333a22717479223b643a313b733a353a227072696365223b643a343530303b733a31303a2268617267615f62617275223b643a323932353b733a353a2270726f6d6f223b733a313a2231223b733a383a22646973636f756e74223b733a323a223335223b733a343a226e616d65223b733a383a22476f72656e67616e223b733a353a2270686f746f223b733a323a223131223b733a353a22726f776964223b733a33323a226334636134323338613062393233383230646363353039613666373538343962223b733a383a22737562746f74616c223b643a343530303b7d733a33323a226339663066383935666239386162393135396635316664303239376532333664223b613a31303a7b733a323a226964223b733a313a2238223b733a333a22717479223b643a313b733a353a227072696365223b643a303b733a31303a2268617267615f62617275223b733a343a2231303030223b733a353a2270726f6d6f223b733a313a2230223b733a383a22646973636f756e74223b733a313a2230223b733a343a226e616d65223b733a31343a224b726970696b204b656e74616e67223b733a353a2270686f746f223b733a33363a2230633064393765663337373539626334353037393833393362636363363839642e706e67223b733a353a22726f776964223b733a33323a226339663066383935666239386162393135396635316664303239376532333664223b733a383a22737562746f74616c223b643a303b7d733a33323a226433643934343638303261343432353937353564333865366431363365383230223b613a31303a7b733a323a226964223b733a323a223130223b733a333a22717479223b643a313b733a353a227072696365223b643a303b733a31303a2268617267615f62617275223b733a343a2232303030223b733a353a2270726f6d6f223b733a313a2230223b733a383a22646973636f756e74223b733a313a2230223b733a343a226e616d65223b733a31353a224b726970696b2053696e676b6f6e67223b733a353a2270686f746f223b733a33363a2233353265373037383762623462373761626162303730323039666433623434652e6a7067223b733a353a22726f776964223b733a33323a226433643934343638303261343432353937353564333865366431363365383230223b733a383a22737562746f74616c223b643a303b7d7d69645f637573746f6d6572737c733a313a2232223b66697273745f6e616d657c733a31303a22617a686172756464696e223b6c6173745f6e616d657c733a373a226172726f736973223b656d61696c7c733a32303a22617a6861726f6365406f75746c6f6f6b2e636f6d223b70726f66696c657c4e3b636f6e746163747c733a393a22303331323331333133223b616464726573737c733a363a22647366647364223b6c6f67696e5f696e7c623a313b),
('dee504ba9357335774084e9e052811ccd707f184', '127.0.0.1', 1472574323, 0x5f5f63695f6c6173745f726567656e65726174657c693a313437323537343032333b636172745f636f6e74656e74737c613a333a7b733a31303a22636172745f746f74616c223b643a303b733a31313a22746f74616c5f6974656d73223b643a313b733a33323a223435633438636365326532643766626465613161666335316337633661643236223b613a31303a7b733a323a226964223b733a313a2239223b733a333a22717479223b643a313b733a353a227072696365223b643a303b733a31303a2268617267615f62617275223b733a343a2232303030223b733a353a2270726f6d6f223b733a313a2230223b733a383a22646973636f756e74223b733a313a2230223b733a343a226e616d65223b733a393a2242616c612062616c61223b733a353a2270686f746f223b733a33363a2265663735646638636337663063343062313635343535366230336666613338662e706e67223b733a353a22726f776964223b733a33323a223435633438636365326532643766626465613161666335316337633661643236223b733a383a22737562746f74616c223b643a303b7d7d),
('fd4c03b0444ec9a0ea1621dc9b509cdc9b61a300', '127.0.0.1', 1472574324, 0x5f5f63695f6c6173745f726567656e65726174657c693a313437323537343332343b636172745f636f6e74656e74737c613a333a7b733a31303a22636172745f746f74616c223b643a303b733a31313a22746f74616c5f6974656d73223b643a313b733a33323a223435633438636365326532643766626465613161666335316337633661643236223b613a31303a7b733a323a226964223b733a313a2239223b733a333a22717479223b643a313b733a353a227072696365223b643a303b733a31303a2268617267615f62617275223b733a343a2232303030223b733a353a2270726f6d6f223b733a313a2230223b733a383a22646973636f756e74223b733a313a2230223b733a343a226e616d65223b733a393a2242616c612062616c61223b733a353a2270686f746f223b733a33363a2265663735646638636337663063343062313635343535366230336666613338662e706e67223b733a353a22726f776964223b733a33323a223435633438636365326532643766626465613161666335316337633661643236223b733a383a22737562746f74616c223b643a303b7d7d),
('38e3d378c813f963bb3b8e2d9d378846cd293f00', '127.0.0.1', 1472574324, 0x5f5f63695f6c6173745f726567656e65726174657c693a313437323537343332343b636172745f636f6e74656e74737c613a333a7b733a31303a22636172745f746f74616c223b643a303b733a31313a22746f74616c5f6974656d73223b643a313b733a33323a223435633438636365326532643766626465613161666335316337633661643236223b613a31303a7b733a323a226964223b733a313a2239223b733a333a22717479223b643a313b733a353a227072696365223b643a303b733a31303a2268617267615f62617275223b733a343a2232303030223b733a353a2270726f6d6f223b733a313a2230223b733a383a22646973636f756e74223b733a313a2230223b733a343a226e616d65223b733a393a2242616c612062616c61223b733a353a2270686f746f223b733a33363a2265663735646638636337663063343062313635343535366230336666613338662e706e67223b733a353a22726f776964223b733a33323a223435633438636365326532643766626465613161666335316337633661643236223b733a383a22737562746f74616c223b643a303b7d7d),
('ef4c6a529a8fd0c092f4a46b5de5bde639d4b8df', '127.0.0.1', 1472574324, 0x5f5f63695f6c6173745f726567656e65726174657c693a313437323537343332343b636172745f636f6e74656e74737c613a333a7b733a31303a22636172745f746f74616c223b643a303b733a31313a22746f74616c5f6974656d73223b643a313b733a33323a223435633438636365326532643766626465613161666335316337633661643236223b613a31303a7b733a323a226964223b733a313a2239223b733a333a22717479223b643a313b733a353a227072696365223b643a303b733a31303a2268617267615f62617275223b733a343a2232303030223b733a353a2270726f6d6f223b733a313a2230223b733a383a22646973636f756e74223b733a313a2230223b733a343a226e616d65223b733a393a2242616c612062616c61223b733a353a2270686f746f223b733a33363a2265663735646638636337663063343062313635343535366230336666613338662e706e67223b733a353a22726f776964223b733a33323a223435633438636365326532643766626465613161666335316337633661643236223b733a383a22737562746f74616c223b643a303b7d7d),
('c9b4c946ba187e6be98c818b5a57ab8f5db1a865', '127.0.0.1', 1472574616, 0x5f5f63695f6c6173745f726567656e65726174657c693a313437323537343332343b636172745f636f6e74656e74737c613a333a7b733a31303a22636172745f746f74616c223b643a303b733a31313a22746f74616c5f6974656d73223b643a313b733a33323a223435633438636365326532643766626465613161666335316337633661643236223b613a31303a7b733a323a226964223b733a313a2239223b733a333a22717479223b643a313b733a353a227072696365223b643a303b733a31303a2268617267615f62617275223b733a343a2232303030223b733a353a2270726f6d6f223b733a313a2230223b733a383a22646973636f756e74223b733a313a2230223b733a343a226e616d65223b733a393a2242616c612062616c61223b733a353a2270686f746f223b733a33363a2265663735646638636337663063343062313635343535366230336666613338662e706e67223b733a353a22726f776964223b733a33323a223435633438636365326532643766626465613161666335316337633661643236223b733a383a22737562746f74616c223b643a303b7d7d),
('880b68f16df0e58c9c04eb497ba42cd1e55cced8', '127.0.0.1', 1472574916, 0x5f5f63695f6c6173745f726567656e65726174657c693a313437323537343633323b636172745f636f6e74656e74737c613a333a7b733a31303a22636172745f746f74616c223b643a303b733a31313a22746f74616c5f6974656d73223b643a313b733a33323a223435633438636365326532643766626465613161666335316337633661643236223b613a31303a7b733a323a226964223b733a313a2239223b733a333a22717479223b643a313b733a353a227072696365223b643a303b733a31303a2268617267615f62617275223b733a343a2232303030223b733a353a2270726f6d6f223b733a313a2230223b733a383a22646973636f756e74223b733a313a2230223b733a343a226e616d65223b733a393a2242616c612062616c61223b733a353a2270686f746f223b733a33363a2265663735646638636337663063343062313635343535366230336666613338662e706e67223b733a353a22726f776964223b733a33323a223435633438636365326532643766626465613161666335316337633661643236223b733a383a22737562746f74616c223b643a303b7d7d),
('0a15c14f65afc46b03f870a3020ba55320239a91', '127.0.0.1', 1472575225, 0x5f5f63695f6c6173745f726567656e65726174657c693a313437323537343933333b636172745f636f6e74656e74737c613a333a7b733a31303a22636172745f746f74616c223b643a303b733a31313a22746f74616c5f6974656d73223b643a313b733a33323a223435633438636365326532643766626465613161666335316337633661643236223b613a31303a7b733a323a226964223b733a313a2239223b733a333a22717479223b643a313b733a353a227072696365223b643a303b733a31303a2268617267615f62617275223b733a343a2232303030223b733a353a2270726f6d6f223b733a313a2230223b733a383a22646973636f756e74223b733a313a2230223b733a343a226e616d65223b733a393a2242616c612062616c61223b733a353a2270686f746f223b733a33363a2265663735646638636337663063343062313635343535366230336666613338662e706e67223b733a353a22726f776964223b733a33323a223435633438636365326532643766626465613161666335316337633661643236223b733a383a22737562746f74616c223b643a303b7d7d),
('105b053fe79a9d37189d1be9efc28384c5c77e46', '127.0.0.1', 1472575462, 0x5f5f63695f6c6173745f726567656e65726174657c693a313437323537353233363b636172745f636f6e74656e74737c613a343a7b733a31303a22636172745f746f74616c223b643a303b733a31313a22746f74616c5f6974656d73223b643a333b733a33323a223435633438636365326532643766626465613161666335316337633661643236223b613a31303a7b733a323a226964223b733a313a2239223b733a333a22717479223b643a323b733a353a227072696365223b643a303b733a31303a2268617267615f62617275223b733a343a2232303030223b733a353a2270726f6d6f223b733a313a2230223b733a383a22646973636f756e74223b733a313a2230223b733a343a226e616d65223b733a393a2242616c612062616c61223b733a353a2270686f746f223b733a33363a2265663735646638636337663063343062313635343535366230336666613338662e706e67223b733a353a22726f776964223b733a33323a223435633438636365326532643766626465613161666335316337633661643236223b733a383a22737562746f74616c223b643a303b7d733a33323a226433643934343638303261343432353937353564333865366431363365383230223b613a31303a7b733a323a226964223b733a323a223130223b733a333a22717479223b643a313b733a353a227072696365223b643a303b733a31303a2268617267615f62617275223b733a343a2232303030223b733a353a2270726f6d6f223b733a313a2230223b733a383a22646973636f756e74223b733a313a2230223b733a343a226e616d65223b733a31353a224b726970696b2053696e676b6f6e67223b733a353a2270686f746f223b733a33363a2233353265373037383762623462373761626162303730323039666433623434652e6a7067223b733a353a22726f776964223b733a33323a226433643934343638303261343432353937353564333865366431363365383230223b733a383a22737562746f74616c223b643a303b7d7d69645f637573746f6d6572737c733a313a2232223b66697273745f6e616d657c733a31303a22617a686172756464696e223b6c6173745f6e616d657c733a373a226172726f736973223b656d61696c7c733a32303a22617a6861726f6365406f75746c6f6f6b2e636f6d223b70726f66696c657c4e3b636f6e746163747c733a393a22303331323331333133223b616464726573737c733a363a22647366647364223b6c6f67696e5f696e7c623a313b),
('986687bf2dddb213c63e5e15448aac6cc877f289', '127.0.0.1', 1472576353, 0x5f5f63695f6c6173745f726567656e65726174657c693a313437323537363133353b636172745f636f6e74656e74737c613a353a7b733a31303a22636172745f746f74616c223b643a333030303b733a31313a22746f74616c5f6974656d73223b643a333b733a33323a223635313262643433643963616136653032633939306230613832363532646361223b613a31303a7b733a323a226964223b733a323a223131223b733a333a22717479223b643a313b733a353a227072696365223b643a333030303b733a31303a2268617267615f62617275223b643a323931303b733a353a2270726f6d6f223b733a313a2231223b733a383a22646973636f756e74223b733a313a2233223b733a343a226e616d65223b733a363a2262616c61646f223b733a353a2270686f746f223b733a33363a2230353863353534376536393535303631343862303031316564346332396234332e504e47223b733a353a22726f776964223b733a33323a223635313262643433643963616136653032633939306230613832363532646361223b733a383a22737562746f74616c223b643a333030303b7d733a33323a226433643934343638303261343432353937353564333865366431363365383230223b613a31303a7b733a323a226964223b733a323a223130223b733a333a22717479223b643a313b733a353a227072696365223b643a303b733a31303a2268617267615f62617275223b733a343a2232303030223b733a353a2270726f6d6f223b733a313a2230223b733a383a22646973636f756e74223b733a313a2230223b733a343a226e616d65223b733a31353a224b726970696b2053696e676b6f6e67223b733a353a2270686f746f223b733a33363a2233353265373037383762623462373761626162303730323039666433623434652e6a7067223b733a353a22726f776964223b733a33323a226433643934343638303261343432353937353564333865366431363365383230223b733a383a22737562746f74616c223b643a303b7d733a33323a223435633438636365326532643766626465613161666335316337633661643236223b613a31303a7b733a323a226964223b733a313a2239223b733a333a22717479223b643a313b733a353a227072696365223b643a303b733a31303a2268617267615f62617275223b733a343a2232303030223b733a353a2270726f6d6f223b733a313a2230223b733a383a22646973636f756e74223b733a313a2230223b733a343a226e616d65223b733a393a2242616c612062616c61223b733a353a2270686f746f223b733a33363a2265663735646638636337663063343062313635343535366230336666613338662e706e67223b733a353a22726f776964223b733a33323a223435633438636365326532643766626465613161666335316337633661643236223b733a383a22737562746f74616c223b643a303b7d7d),
('18890b14d226781e93a64cfb993ee3a0ff144d12', '127.0.0.1', 1472607233, 0x5f5f63695f6c6173745f726567656e65726174657c693a313437323630373231383b636172745f636f6e74656e74737c613a333a7b733a31303a22636172745f746f74616c223b643a303b733a31313a22746f74616c5f6974656d73223b643a313b733a33323a223435633438636365326532643766626465613161666335316337633661643236223b613a31303a7b733a323a226964223b733a313a2239223b733a333a22717479223b643a313b733a353a227072696365223b643a303b733a31303a2268617267615f62617275223b733a343a2232303030223b733a353a2270726f6d6f223b733a313a2230223b733a383a22646973636f756e74223b733a313a2230223b733a343a226e616d65223b733a393a2242616c612062616c61223b733a353a2270686f746f223b733a33363a2265663735646638636337663063343062313635343535366230336666613338662e706e67223b733a353a22726f776964223b733a33323a223435633438636365326532643766626465613161666335316337633661643236223b733a383a22737562746f74616c223b643a303b7d7d),
('784eca2f70e84ff4593d2759792a16b0f97330d5', '127.0.0.1', 1472608151, 0x5f5f63695f6c6173745f726567656e65726174657c693a313437323630373836353b636172745f636f6e74656e74737c613a353a7b733a31303a22636172745f746f74616c223b643a333030303b733a31313a22746f74616c5f6974656d73223b643a343b733a33323a223435633438636365326532643766626465613161666335316337633661643236223b613a31303a7b733a323a226964223b733a313a2239223b733a333a22717479223b643a323b733a353a227072696365223b643a303b733a31303a2268617267615f62617275223b733a343a2232303030223b733a353a2270726f6d6f223b733a313a2230223b733a383a22646973636f756e74223b733a313a2230223b733a343a226e616d65223b733a393a2242616c612062616c61223b733a353a2270686f746f223b733a33363a2265663735646638636337663063343062313635343535366230336666613338662e706e67223b733a353a22726f776964223b733a33323a223435633438636365326532643766626465613161666335316337633661643236223b733a383a22737562746f74616c223b643a303b7d733a33323a223635313262643433643963616136653032633939306230613832363532646361223b613a31303a7b733a323a226964223b733a323a223131223b733a333a22717479223b643a313b733a353a227072696365223b643a333030303b733a31303a2268617267615f62617275223b643a323931303b733a353a2270726f6d6f223b733a313a2231223b733a383a22646973636f756e74223b733a313a2233223b733a343a226e616d65223b733a363a2262616c61646f223b733a353a2270686f746f223b733a33363a2230353863353534376536393535303631343862303031316564346332396234332e504e47223b733a353a22726f776964223b733a33323a223635313262643433643963616136653032633939306230613832363532646361223b733a383a22737562746f74616c223b643a333030303b7d733a33323a226433643934343638303261343432353937353564333865366431363365383230223b613a31303a7b733a323a226964223b733a323a223130223b733a333a22717479223b643a313b733a353a227072696365223b643a303b733a31303a2268617267615f62617275223b733a343a2232303030223b733a353a2270726f6d6f223b733a313a2230223b733a383a22646973636f756e74223b733a313a2230223b733a343a226e616d65223b733a31353a224b726970696b2053696e676b6f6e67223b733a353a2270686f746f223b733a33363a2233353265373037383762623462373761626162303730323039666433623434652e6a7067223b733a353a22726f776964223b733a33323a226433643934343638303261343432353937353564333865366431363365383230223b733a383a22737562746f74616c223b643a303b7d7d73756b7365735f646974616d6261687c733a31353a2273756b7365735f646974616d626168223b5f5f63695f766172737c613a313a7b733a31353a2273756b7365735f646974616d626168223b733a333a226f6c64223b7d),
('81471a5549ae5416377196b8de2b43508c9f365b', '127.0.0.1', 1472608351, 0x5f5f63695f6c6173745f726567656e65726174657c693a313437323630383136373b636172745f636f6e74656e74737c613a353a7b733a31303a22636172745f746f74616c223b643a333030303b733a31313a22746f74616c5f6974656d73223b643a383b733a33323a223435633438636365326532643766626465613161666335316337633661643236223b613a31303a7b733a323a226964223b733a313a2239223b733a333a22717479223b643a323b733a353a227072696365223b643a303b733a31303a2268617267615f62617275223b733a343a2232303030223b733a353a2270726f6d6f223b733a313a2230223b733a383a22646973636f756e74223b733a313a2230223b733a343a226e616d65223b733a393a2242616c612062616c61223b733a353a2270686f746f223b733a33363a2265663735646638636337663063343062313635343535366230336666613338662e706e67223b733a353a22726f776964223b733a33323a223435633438636365326532643766626465613161666335316337633661643236223b733a383a22737562746f74616c223b643a303b7d733a33323a223635313262643433643963616136653032633939306230613832363532646361223b613a31303a7b733a323a226964223b733a323a223131223b733a333a22717479223b643a313b733a353a227072696365223b643a333030303b733a31303a2268617267615f62617275223b643a323931303b733a353a2270726f6d6f223b733a313a2231223b733a383a22646973636f756e74223b733a313a2233223b733a343a226e616d65223b733a363a2262616c61646f223b733a353a2270686f746f223b733a33363a2230353863353534376536393535303631343862303031316564346332396234332e504e47223b733a353a22726f776964223b733a33323a223635313262643433643963616136653032633939306230613832363532646361223b733a383a22737562746f74616c223b643a333030303b7d733a33323a226433643934343638303261343432353937353564333865366431363365383230223b613a31303a7b733a323a226964223b733a323a223130223b733a333a22717479223b643a353b733a353a227072696365223b643a303b733a31303a2268617267615f62617275223b733a343a2232303030223b733a353a2270726f6d6f223b733a313a2230223b733a383a22646973636f756e74223b733a313a2230223b733a343a226e616d65223b733a31353a224b726970696b2053696e676b6f6e67223b733a353a2270686f746f223b733a33363a2233353265373037383762623462373761626162303730323039666433623434652e6a7067223b733a353a22726f776964223b733a33323a226433643934343638303261343432353937353564333865366431363365383230223b733a383a22737562746f74616c223b643a303b7d7d73756b7365735f646974616d6261687c733a31353a2273756b7365735f646974616d626168223b5f5f63695f766172737c613a313a7b733a31353a2273756b7365735f646974616d626168223b733a333a226f6c64223b7d),
('f5c85c1653ad155d24cccae886f09873ada81a11', '::1', 1472608675, 0x5f5f63695f6c6173745f726567656e65726174657c693a313437323630383637343b),
('9e5f3bd590085ee01e7d64fba13b3cba1e7d3be5', '127.0.0.1', 1472608966, 0x5f5f63695f6c6173745f726567656e65726174657c693a313437323630383737383b636172745f636f6e74656e74737c613a343a7b733a31303a22636172745f746f74616c223b643a303b733a31313a22746f74616c5f6974656d73223b643a363b733a33323a223435633438636365326532643766626465613161666335316337633661643236223b613a31303a7b733a323a226964223b733a313a2239223b733a333a22717479223b643a333b733a353a227072696365223b643a303b733a31303a2268617267615f62617275223b733a343a2232303030223b733a353a2270726f6d6f223b733a313a2230223b733a383a22646973636f756e74223b733a313a2230223b733a343a226e616d65223b733a393a2242616c612062616c61223b733a353a2270686f746f223b733a33363a2265663735646638636337663063343062313635343535366230336666613338662e706e67223b733a353a22726f776964223b733a33323a223435633438636365326532643766626465613161666335316337633661643236223b733a383a22737562746f74616c223b643a303b7d733a33323a226433643934343638303261343432353937353564333865366431363365383230223b613a31303a7b733a323a226964223b733a323a223130223b733a333a22717479223b643a333b733a353a227072696365223b643a303b733a31303a2268617267615f62617275223b733a343a2232303030223b733a353a2270726f6d6f223b733a313a2230223b733a383a22646973636f756e74223b733a313a2230223b733a343a226e616d65223b733a31353a224b726970696b2053696e676b6f6e67223b733a353a2270686f746f223b733a33363a2233353265373037383762623462373761626162303730323039666433623434652e6a7067223b733a353a22726f776964223b733a33323a226433643934343638303261343432353937353564333865366431363365383230223b733a383a22737562746f74616c223b643a303b7d7d),
('e37af2233975955b4c7a336408cba414d7fefd92', '127.0.0.1', 1472609364, 0x5f5f63695f6c6173745f726567656e65726174657c693a313437323630393131373b636172745f636f6e74656e74737c613a353a7b733a31303a22636172745f746f74616c223b643a343530303b733a31313a22746f74616c5f6974656d73223b643a373b733a33323a223435633438636365326532643766626465613161666335316337633661643236223b613a31303a7b733a323a226964223b733a313a2239223b733a333a22717479223b643a333b733a353a227072696365223b643a303b733a31303a2268617267615f62617275223b733a343a2232303030223b733a353a2270726f6d6f223b733a313a2230223b733a383a22646973636f756e74223b733a313a2230223b733a343a226e616d65223b733a393a2242616c612062616c61223b733a353a2270686f746f223b733a33363a2265663735646638636337663063343062313635343535366230336666613338662e706e67223b733a353a22726f776964223b733a33323a223435633438636365326532643766626465613161666335316337633661643236223b733a383a22737562746f74616c223b643a303b7d733a33323a226433643934343638303261343432353937353564333865366431363365383230223b613a31303a7b733a323a226964223b733a323a223130223b733a333a22717479223b643a333b733a353a227072696365223b643a303b733a31303a2268617267615f62617275223b733a343a2232303030223b733a353a2270726f6d6f223b733a313a2230223b733a383a22646973636f756e74223b733a313a2230223b733a343a226e616d65223b733a31353a224b726970696b2053696e676b6f6e67223b733a353a2270686f746f223b733a33363a2233353265373037383762623462373761626162303730323039666433623434652e6a7067223b733a353a22726f776964223b733a33323a226433643934343638303261343432353937353564333865366431363365383230223b733a383a22737562746f74616c223b643a303b7d733a33323a226334636134323338613062393233383230646363353039613666373538343962223b613a31303a7b733a323a226964223b733a313a2231223b733a333a22717479223b643a313b733a353a227072696365223b643a343530303b733a31303a2268617267615f62617275223b643a323932353b733a353a2270726f6d6f223b733a313a2231223b733a383a22646973636f756e74223b733a323a223335223b733a343a226e616d65223b733a383a22476f72656e67616e223b733a353a2270686f746f223b733a323a223131223b733a353a22726f776964223b733a33323a226334636134323338613062393233383230646363353039613666373538343962223b733a383a22737562746f74616c223b643a343530303b7d7d69645f637573746f6d6572737c733a313a2232223b66697273745f6e616d657c733a31303a22617a686172756464696e223b6c6173745f6e616d657c733a373a226172726f736973223b656d61696c7c733a32303a22617a6861726f6365406f75746c6f6f6b2e636f6d223b70726f66696c657c4e3b636f6e746163747c733a393a22303331323331333133223b616464726573737c733a363a22647366647364223b6c6f67696e5f696e7c623a313b),
('f8847079165d448c4c7528816d09894d0b30057f', '127.0.0.1', 1472609530, 0x5f5f63695f6c6173745f726567656e65726174657c693a313437323630393530343b636172745f636f6e74656e74737c613a353a7b733a31303a22636172745f746f74616c223b643a343530303b733a31313a22746f74616c5f6974656d73223b643a373b733a33323a223435633438636365326532643766626465613161666335316337633661643236223b613a31303a7b733a323a226964223b733a313a2239223b733a333a22717479223b643a333b733a353a227072696365223b643a303b733a31303a2268617267615f62617275223b733a343a2232303030223b733a353a2270726f6d6f223b733a313a2230223b733a383a22646973636f756e74223b733a313a2230223b733a343a226e616d65223b733a393a2242616c612062616c61223b733a353a2270686f746f223b733a33363a2265663735646638636337663063343062313635343535366230336666613338662e706e67223b733a353a22726f776964223b733a33323a223435633438636365326532643766626465613161666335316337633661643236223b733a383a22737562746f74616c223b643a303b7d733a33323a226433643934343638303261343432353937353564333865366431363365383230223b613a31303a7b733a323a226964223b733a323a223130223b733a333a22717479223b643a333b733a353a227072696365223b643a303b733a31303a2268617267615f62617275223b733a343a2232303030223b733a353a2270726f6d6f223b733a313a2230223b733a383a22646973636f756e74223b733a313a2230223b733a343a226e616d65223b733a31353a224b726970696b2053696e676b6f6e67223b733a353a2270686f746f223b733a33363a2233353265373037383762623462373761626162303730323039666433623434652e6a7067223b733a353a22726f776964223b733a33323a226433643934343638303261343432353937353564333865366431363365383230223b733a383a22737562746f74616c223b643a303b7d733a33323a226334636134323338613062393233383230646363353039613666373538343962223b613a31303a7b733a323a226964223b733a313a2231223b733a333a22717479223b643a313b733a353a227072696365223b643a343530303b733a31303a2268617267615f62617275223b643a323932353b733a353a2270726f6d6f223b733a313a2231223b733a383a22646973636f756e74223b733a323a223335223b733a343a226e616d65223b733a383a22476f72656e67616e223b733a353a2270686f746f223b733a323a223131223b733a353a22726f776964223b733a33323a226334636134323338613062393233383230646363353039613666373538343962223b733a383a22737562746f74616c223b643a343530303b7d7d69645f637573746f6d6572737c733a313a2232223b66697273745f6e616d657c733a31303a22617a686172756464696e223b6c6173745f6e616d657c733a373a226172726f736973223b656d61696c7c733a32303a22617a6861726f6365406f75746c6f6f6b2e636f6d223b70726f66696c657c4e3b636f6e746163747c733a393a22303331323331333133223b616464726573737c733a363a22647366647364223b6c6f67696e5f696e7c623a313b),
('70b0c9c073ad5c55ad55b9ae59e4c80671dbd7c6', '127.0.0.1', 1472610151, 0x5f5f63695f6c6173745f726567656e65726174657c693a313437323631303037373b69645f637573746f6d6572737c733a313a2232223b66697273745f6e616d657c733a31303a22617a686172756464696e223b6c6173745f6e616d657c733a373a226172726f736973223b656d61696c7c733a32303a22617a6861726f6365406f75746c6f6f6b2e636f6d223b70726f66696c657c4e3b636f6e746163747c733a393a22303331323331333133223b616464726573737c733a363a22647366647364223b6c6f67696e5f696e7c623a313b),
('07fd506e270ba3fd85ecb6fc9d3e2ea41828e5ce', '127.0.0.1', 1472610839, 0x5f5f63695f6c6173745f726567656e65726174657c693a313437323631303739383b69645f637573746f6d6572737c733a313a2232223b66697273745f6e616d657c733a31303a22617a686172756464696e223b6c6173745f6e616d657c733a373a226172726f736973223b656d61696c7c733a32303a22617a6861726f6365406f75746c6f6f6b2e636f6d223b70726f66696c657c4e3b636f6e746163747c733a393a22303331323331333133223b616464726573737c733a363a22647366647364223b6c6f67696e5f696e7c623a313b),
('d7f5de86c1e858881fc7246b0b5f60b75cda1286', '127.0.0.1', 1472642785, 0x5f5f63695f6c6173745f726567656e65726174657c693a313437323634323735383b636172745f636f6e74656e74737c613a333a7b733a31303a22636172745f746f74616c223b693a303b733a31313a22746f74616c5f6974656d73223b693a303b733a33323a223435633438636365326532643766626465613161666335316337633661643236223b613a31303a7b733a323a226964223b733a313a2239223b733a333a22717479223b4e3b733a353a227072696365223b643a303b733a31303a2268617267615f62617275223b733a343a2232303030223b733a353a2270726f6d6f223b733a313a2230223b733a383a22646973636f756e74223b733a313a2230223b733a343a226e616d65223b733a393a2242616c612062616c61223b733a353a2270686f746f223b733a33363a2265663735646638636337663063343062313635343535366230336666613338662e706e67223b733a353a22726f776964223b733a33323a223435633438636365326532643766626465613161666335316337633661643236223b733a383a22737562746f74616c223b643a303b7d7d);
INSERT INTO `ci_sessions` (`id`, `ip_address`, `timestamp`, `data`) VALUES
('5e763a2d6a6a8b28f6a1ea1892fa8d79c0c50ab9', '127.0.0.1', 1472661541, 0x5f5f63695f6c6173745f726567656e65726174657c693a313437323636313533303b),
('b001b676d38b46e0cb04001e5035eb2f230eec71', '127.0.0.1', 1472662000, 0x5f5f63695f6c6173745f726567656e65726174657c693a313437323636313939393b),
('b09f4dfe1bd33ba4b4a830f9162ecb2c98d2e25f', '127.0.0.1', 1472664884, 0x5f5f63695f6c6173745f726567656e65726174657c693a313437323636343836313b69645f75736572737c733a313a2232223b757365726e616d657c733a383a226375737463617265223b66756c6c5f6e616d657c733a31383a22617a686172756464696e206172726f736973223b616b7365737c733a31333a22637573746f6d65722063617265223b70726f66696c657c733a34333a2270726f66696c655f706963747572655f68616e64736f6d655f6d656e5f6176617461722d3531322e706e67223b656d61696c7c733a33313a2263757374636172652e62616e64756e67736e61636b40676d61696c2e636f6d223b6c6f67696e5f696e7c623a313b),
('b21bcdbaab9aeb29ec7049b534c33aae3b25f8f2', '127.0.0.1', 1472667782, 0x5f5f63695f6c6173745f726567656e65726174657c693a313437323636373738323b);

-- --------------------------------------------------------

--
-- Table structure for table `customers`
--

CREATE TABLE `customers` (
  `id_customers` int(11) NOT NULL,
  `first_name` varchar(25) DEFAULT NULL,
  `last_name` varchar(25) DEFAULT NULL,
  `username` varchar(25) DEFAULT NULL,
  `password` varchar(32) DEFAULT NULL,
  `email` varchar(25) DEFAULT NULL,
  `address` text,
  `contact` varchar(15) DEFAULT NULL,
  `profile` varchar(100) DEFAULT NULL,
  `active_code` varchar(10) DEFAULT NULL,
  `flag` tinyint(4) DEFAULT NULL
) ENGINE=InnoDB DEFAULT CHARSET=latin1;

--
-- Dumping data for table `customers`
--

INSERT INTO `customers` (`id_customers`, `first_name`, `last_name`, `username`, `password`, `email`, `address`, `contact`, `profile`, `active_code`, `flag`) VALUES
(1, 'Azharuddin', 'Arrosis', 'azharoce', 'ea45426b5e45b95a3553b2f7f3efb4a9', 'azharoce@gmail.com', 'GBA 1', '082299199991', 'das', 'das', 0),
(2, 'azharuddin', 'arrosis', 'azhar', '838e24a98647b16ed33f20774b2e3502', 'azharoce@outlook.com', 'dsfdsd', '031231313', NULL, '3I58O0CWQH', 0);

-- --------------------------------------------------------

--
-- Table structure for table `orders`
--

CREATE TABLE `orders` (
  `id_orders` int(11) NOT NULL,
  `id_customers` int(11) DEFAULT NULL,
  `order_date` date DEFAULT NULL,
  `shipping_address` text,
  `shipping_status` varchar(25) NOT NULL,
  `payment_status` varchar(25) DEFAULT NULL
) ENGINE=InnoDB DEFAULT CHARSET=latin1;

--
-- Dumping data for table `orders`
--

INSERT INTO `orders` (`id_orders`, `id_customers`, `order_date`, `shipping_address`, `shipping_status`, `payment_status`) VALUES
(1, 1, '2016-06-01', 'pantenan', 'packing', 'confirmed');

-- --------------------------------------------------------

--
-- Table structure for table `order_details`
--

CREATE TABLE `order_details` (
  `id_detail_order` int(11) NOT NULL,
  `id_product` int(11) DEFAULT NULL,
  `id_orders` int(11) DEFAULT NULL,
  `qty` float DEFAULT NULL
) ENGINE=InnoDB DEFAULT CHARSET=latin1;

--
-- Dumping data for table `order_details`
--

INSERT INTO `order_details` (`id_detail_order`, `id_product`, `id_orders`, `qty`) VALUES
(1, 1, 1, 3);

-- --------------------------------------------------------

--
-- Table structure for table `payment`
--

CREATE TABLE `payment` (
  `id_payment` int(11) NOT NULL,
  `id_orders` int(11) DEFAULT NULL,
  `paymet_date` date DEFAULT NULL,
  `bukti` varchar(100) DEFAULT NULL
) ENGINE=InnoDB DEFAULT CHARSET=latin1;

-- --------------------------------------------------------

--
-- Table structure for table `product`
--

CREATE TABLE `product` (
  `id_product` int(11) NOT NULL,
  `id_seller` int(11) DEFAULT NULL,
  `id_category` int(11) DEFAULT NULL,
  `product_name` varchar(50) DEFAULT NULL,
  `product_price` float DEFAULT NULL,
  `stock` int(11) DEFAULT NULL,
  `description` text,
  `photo` varchar(100) DEFAULT NULL,
  `rating` int(11) DEFAULT NULL,
  `promo` tinyint(4) DEFAULT NULL,
  `discount` float DEFAULT NULL,
  `product_flag` tinyint(4) DEFAULT NULL
) ENGINE=InnoDB DEFAULT CHARSET=latin1;

--
-- Dumping data for table `product`
--

INSERT INTO `product` (`id_product`, `id_seller`, `id_category`, `product_name`, `product_price`, `stock`, `description`, `photo`, `rating`, `promo`, `discount`, `product_flag`) VALUES
(1, 6, 2, 'Gorengan', 4500, 30, 'bacil enak', '11', 0, 1, 35, 1),
(8, 6, 3, 'Kripik Kentang', 1000, 1, 'ftg', '0c0d97ef37759bc450798393bccc689d.png', 0, 0, 0, 0),
(9, 1, 2, 'Bala bala', 2000, 0, 'ghgghgh', 'ef75df8cc7f0c40b1654556b03ffa38f.png', 0, 0, 0, 0),
(10, 1, 1, 'Kripik Singkong', 2000, 1, 'df', '352e70787bb4b77abab070209fd3b44e.jpg', 0, 0, 0, 0),
(11, 6, 2, 'balado', 3000, 21, 'fsdfsdfs', '058c5547e695506148b0011ed4c29b43.PNG', 0, 1, 3, 0);

-- --------------------------------------------------------

--
-- Table structure for table `seller`
--

CREATE TABLE `seller` (
  `id_seller` int(11) NOT NULL,
  `seller_name` varchar(50) DEFAULT NULL,
  `contact` varchar(15) DEFAULT NULL,
  `address` text,
  `flag` tinyint(4) DEFAULT NULL
) ENGINE=InnoDB DEFAULT CHARSET=latin1;

--
-- Dumping data for table `seller`
--

INSERT INTO `seller` (`id_seller`, `seller_name`, `contact`, `address`, `flag`) VALUES
(1, 'Azharuddin Arrosis', '082299199991', 'Pantenan panceng gresik  ', 0),
(6, 'Eny Kusmiati', '654657577777', 'Ngawi\r\n', 0),
(7, 'ahmad zaidan alkarim', '085645282574', 'pantenan panceng gresik ', 0);

-- --------------------------------------------------------

--
-- Table structure for table `temp_order_detail`
--

CREATE TABLE `temp_order_detail` (
  `id` int(11) NOT NULL,
  `use_id` int(100) NOT NULL,
  `id_product` int(11) DEFAULT NULL,
  `qty` float DEFAULT NULL
) ENGINE=InnoDB DEFAULT CHARSET=latin1;

--
-- Dumping data for table `temp_order_detail`
--

INSERT INTO `temp_order_detail` (`id`, `use_id`, `id_product`, `qty`) VALUES
(3, 2, 10, 70),
(4, 2, 9, 6),
(5, 2, 11, 3),
(6, 2, 11, 1),
(7, 2, 1, 2);

-- --------------------------------------------------------

--
-- Table structure for table `users`
--

CREATE TABLE `users` (
  `id_users` int(11) NOT NULL,
  `id_user_akses` int(11) DEFAULT NULL,
  `username` varchar(25) DEFAULT NULL,
  `password` varchar(32) DEFAULT NULL,
  `email` varchar(50) NOT NULL,
  `first_name` varchar(25) DEFAULT NULL,
  `last_name` varchar(25) DEFAULT NULL,
  `profile` varchar(100) DEFAULT NULL,
  `activation_code` varchar(10) DEFAULT NULL,
  `flag` tinyint(4) NOT NULL
) ENGINE=InnoDB DEFAULT CHARSET=latin1;

--
-- Dumping data for table `users`
--

INSERT INTO `users` (`id_users`, `id_user_akses`, `username`, `password`, `email`, `first_name`, `last_name`, `profile`, `activation_code`, `flag`) VALUES
(1, 1, 'admin', '21232f297a57a5a743894a0e4a801fc3', 'admin.bandungsnack@gmail.com', 'Asti Ahmad Setiawan', 'admin', 'profile_picture_handsome_men_avatar-512.png', 'SDER3', 0),
(2, 2, 'custcare', '33a04d1b9d75c454f2c1b73a302e4159', 'custcare.bandungsnack@gmail.com', 'azharuddin', 'arrosis', 'profile_picture_handsome_men_avatar-512.png', 'DAAA', 0),
(3, 3, 'admin2', 'c84258e9c39059a89ab77d846ddab909', 'admin2@gmail.com', 'admin2', 'admin2', 'd51f2e070874480b7991fc5a676ca81d.png', 'null', 0);

-- --------------------------------------------------------

--
-- Table structure for table `user_akses`
--

CREATE TABLE `user_akses` (
  `id_user_akses` int(11) NOT NULL,
  `label` varchar(25) DEFAULT NULL,
  `description` text
) ENGINE=InnoDB DEFAULT CHARSET=latin1;

--
-- Dumping data for table `user_akses`
--

INSERT INTO `user_akses` (`id_user_akses`, `label`, `description`) VALUES
(1, 'super admin', 'yang mengatur user'),
(2, 'customer care', 'yang melayani customer'),
(3, 'admin', 'yang mengawasi data product dan data transaksi order dsb\r\n');

--
-- Indexes for dumped tables
--

--
-- Indexes for table `categories`
--
ALTER TABLE `categories`
  ADD PRIMARY KEY (`id_category`);

--
-- Indexes for table `ci_sessions`
--
ALTER TABLE `ci_sessions`
  ADD KEY `ci_sessions_timestamp` (`timestamp`);

--
-- Indexes for table `customers`
--
ALTER TABLE `customers`
  ADD PRIMARY KEY (`id_customers`);

--
-- Indexes for table `orders`
--
ALTER TABLE `orders`
  ADD PRIMARY KEY (`id_orders`),
  ADD KEY `fk_orders_reference_customer` (`id_customers`);

--
-- Indexes for table `order_details`
--
ALTER TABLE `order_details`
  ADD PRIMARY KEY (`id_detail_order`),
  ADD KEY `fk_order_de_reference_product` (`id_product`),
  ADD KEY `fk_order_de_reference_orders` (`id_orders`);

--
-- Indexes for table `payment`
--
ALTER TABLE `payment`
  ADD PRIMARY KEY (`id_payment`),
  ADD KEY `fk_payment_reference_orders` (`id_orders`);

--
-- Indexes for table `product`
--
ALTER TABLE `product`
  ADD PRIMARY KEY (`id_product`),
  ADD KEY `fk_product_reference_seller` (`id_seller`),
  ADD KEY `fk_product_reference_categori` (`id_category`);

--
-- Indexes for table `seller`
--
ALTER TABLE `seller`
  ADD PRIMARY KEY (`id_seller`);

--
-- Indexes for table `temp_order_detail`
--
ALTER TABLE `temp_order_detail`
  ADD PRIMARY KEY (`id`);

--
-- Indexes for table `users`
--
ALTER TABLE `users`
  ADD PRIMARY KEY (`id_users`),
  ADD KEY `fk_users_reference_user_aks` (`id_user_akses`);

--
-- Indexes for table `user_akses`
--
ALTER TABLE `user_akses`
  ADD PRIMARY KEY (`id_user_akses`);

--
-- AUTO_INCREMENT for dumped tables
--

--
-- AUTO_INCREMENT for table `categories`
--
ALTER TABLE `categories`
  MODIFY `id_category` int(11) NOT NULL AUTO_INCREMENT, AUTO_INCREMENT=7;
--
-- AUTO_INCREMENT for table `customers`
--
ALTER TABLE `customers`
  MODIFY `id_customers` int(11) NOT NULL AUTO_INCREMENT, AUTO_INCREMENT=3;
--
-- AUTO_INCREMENT for table `orders`
--
ALTER TABLE `orders`
  MODIFY `id_orders` int(11) NOT NULL AUTO_INCREMENT, AUTO_INCREMENT=2;
--
-- AUTO_INCREMENT for table `order_details`
--
ALTER TABLE `order_details`
  MODIFY `id_detail_order` int(11) NOT NULL AUTO_INCREMENT, AUTO_INCREMENT=2;
--
-- AUTO_INCREMENT for table `payment`
--
ALTER TABLE `payment`
  MODIFY `id_payment` int(11) NOT NULL AUTO_INCREMENT;
--
-- AUTO_INCREMENT for table `product`
--
ALTER TABLE `product`
  MODIFY `id_product` int(11) NOT NULL AUTO_INCREMENT, AUTO_INCREMENT=12;
--
-- AUTO_INCREMENT for table `seller`
--
ALTER TABLE `seller`
  MODIFY `id_seller` int(11) NOT NULL AUTO_INCREMENT, AUTO_INCREMENT=8;
--
-- AUTO_INCREMENT for table `temp_order_detail`
--
ALTER TABLE `temp_order_detail`
  MODIFY `id` int(11) NOT NULL AUTO_INCREMENT, AUTO_INCREMENT=8;
--
-- AUTO_INCREMENT for table `users`
--
ALTER TABLE `users`
  MODIFY `id_users` int(11) NOT NULL AUTO_INCREMENT, AUTO_INCREMENT=4;
--
-- AUTO_INCREMENT for table `user_akses`
--
ALTER TABLE `user_akses`
  MODIFY `id_user_akses` int(11) NOT NULL AUTO_INCREMENT, AUTO_INCREMENT=4;
--
-- Constraints for dumped tables
--

--
-- Constraints for table `orders`
--
ALTER TABLE `orders`
  ADD CONSTRAINT `fk_orders_reference_customer` FOREIGN KEY (`id_customers`) REFERENCES `customers` (`id_customers`) ON DELETE CASCADE ON UPDATE CASCADE;

--
-- Constraints for table `order_details`
--
ALTER TABLE `order_details`
  ADD CONSTRAINT `fk_order_de_reference_orders` FOREIGN KEY (`id_orders`) REFERENCES `orders` (`id_orders`) ON DELETE CASCADE ON UPDATE CASCADE,
  ADD CONSTRAINT `fk_order_de_reference_product` FOREIGN KEY (`id_product`) REFERENCES `product` (`id_product`) ON DELETE CASCADE ON UPDATE CASCADE;

--
-- Constraints for table `payment`
--
ALTER TABLE `payment`
  ADD CONSTRAINT `fk_payment_reference_orders` FOREIGN KEY (`id_orders`) REFERENCES `orders` (`id_orders`) ON DELETE CASCADE ON UPDATE CASCADE;

--
-- Constraints for table `product`
--
ALTER TABLE `product`
  ADD CONSTRAINT `fk_product_reference_categori` FOREIGN KEY (`id_category`) REFERENCES `categories` (`id_category`) ON DELETE CASCADE ON UPDATE CASCADE,
  ADD CONSTRAINT `fk_product_reference_seller` FOREIGN KEY (`id_seller`) REFERENCES `seller` (`id_seller`) ON DELETE CASCADE ON UPDATE CASCADE;

--
-- Constraints for table `users`
--
ALTER TABLE `users`
  ADD CONSTRAINT `fk_users_reference_user_aks` FOREIGN KEY (`id_user_akses`) REFERENCES `user_akses` (`id_user_akses`) ON DELETE CASCADE ON UPDATE CASCADE;

/*!40101 SET CHARACTER_SET_CLIENT=@OLD_CHARACTER_SET_CLIENT */;
/*!40101 SET CHARACTER_SET_RESULTS=@OLD_CHARACTER_SET_RESULTS */;
/*!40101 SET COLLATION_CONNECTION=@OLD_COLLATION_CONNECTION */;
